sale_year,sale_month,Average_monthly_sale,Total_monthly_sale
2022,12,464.20382165605093,72880
2023,12,490.3900709219858,69145
